team,Arsenal,Chelsea,Everton,Liverpool,Manchester United,Tottenham Hotspur
2002-03,59.437751004016064,54.54545454545454,54.69107551487414,56.23762376237625,58.003766478342754,54.04040404040404
