team,Arsenal,Chelsea,Everton,Liverpool,Manchester United,Tottenham Hotspur
2004-05,62.421711899791234,57.035647279549714,48.42931937172775,49.18367346938776,54.132901134521894,54.725274725274716
