team,Arsenal,Chelsea,Everton,Liverpool,Manchester United,Tottenham Hotspur
2007-08,54.52830188679245,54.325955734406435,55.714285714285715,52.71828665568369,56.935483870967744,58.417849898580116
