team,Arsenal,Chelsea,Everton,Liverpool,Manchester United,Tottenham Hotspur
2008-09,57.039711191335755,54.72560975609756,54.84633569739953,51.06732348111659,60.547504025764894,57.8838174273859
