team,Arsenal,Chelsea,Everton,Liverpool,Manchester United,Tottenham Hotspur
2009-10,35.3030303030303,41.3199426111908,32.937181663837,29.439252336448607,31.798561151079106,33.1864904552129
