team,Arsenal,Chelsea,Everton,Liverpool,Manchester United,Tottenham Hotspur
2010-11,57.47899159663865,54.17322834645669,56.18860510805502,56.42105263157895,57.0902394106814,57.32142857142857
