team,Arsenal,Chelsea,Everton,Liverpool,Manchester United,Tottenham Hotspur
2011-12,60.17094017094017,54.22077922077923,53.375527426160346,53.92156862745098,62.3310810810811,58.74015748031496
