team,Arsenal,Chelsea,Everton,Liverpool,Manchester United,Tottenham Hotspur
2012-13,59.706959706959715,59.05096660808435,57.2192513368984,57.54857997010464,58.3984375,61.75040518638573
