team,Arsenal,Chelsea,Everton,Liverpool,Man United,Tottenham
2012-13,34.3383584589615,33.8658146964856,32.7014218009479,31.3937753721245,37.9679144385027,35.3891336270191
