team,Arsenal,Chelsea,Everton,Liverpool,Man United,Tottenham
2015-16,36.71328671328671,32.88973384030418,35.569105691056905,32.273449920508746,33.25581395348837,37.821482602118
