team,Arsenal,Chelsea,Everton,Liverpool,Manchester United,Tottenham Hotspur
2017-18,39.424703891709,36.3036303630363,33.8888888888889,36.40625,35.28265107212479,34.887459807073995
