team,Arsenal,Chelsea,Everton,Liverpool,Man United,Tottenham
2018-19,36.4025695931477,32.6194398682043,33.9357429718875,39.3043478260869,42.7756653992395,35.38175046554929
