team,Arsenal,Aston Villa,Blackburn,Bolton,Chelsea,Everton,Fulham,Hull,Liverpool,Man City,Man United,Middlesbrough,Newcastle,Portsmouth,Stoke,Sunderland,Tottenham,West Brom,West Ham,Wigan
shot_acc,57.039711191335705,55.1470588235294,54.2079207920792,55.328798185941,54.725609756097604,54.8463356973995,54.292343387471,51.2019230769231,51.0673234811166,54.601226993865005,60.547504025764894,51.408450704225395,54.177897574124,52.262443438914005,45.065789473684205,53.030303030303,57.8838174273859,54.7210300429185,56.22119815668199,46.9979296066253
