team,Arsenal,Aston Villa,Blackburn,Bolton,Chelsea,Everton,Fulham,Hull,Liverpool,Man City,Manchester United,Middlesbrough,Newcastle,Portsmouth,Stoke,Sunderland,Tottenham Hotspur,West Brom,West Ham,Wigan
shot_acc,57.03971119133575,55.147058823529406,54.20792079207922,55.32879818594104,54.72560975609756,54.84633569739953,54.292343387471,51.20192307692307,51.06732348111659,54.60122699386503,60.547504025764894,51.40845070422535,54.177897574123996,52.26244343891403,45.06578947368421,53.03030303030303,57.8838174273859,54.72103004291845,56.221198156682036,46.99792960662526
