team,Arsenal,Aston Villa,Birmingham,Blackburn,Blackpool,Bolton,Chelsea,Everton,Fulham,Liverpool,Man City,Manchester United,Newcastle,Stoke,Sunderland,Tottenham Hotspur,West Brom,West Ham,Wigan,Wolves
shot_acc,57.47899159663865,55.27522935779815,47.400611620795104,49.61038961038962,52.69058295964125,55.22088353413654,54.17322834645669,56.18860510805502,54.82456140350878,56.42105263157895,57.86163522012578,57.0902394106814,58.064516129032256,49.75609756097561,51.11111111111111,57.32142857142857,54.87571701720842,52.45202558635395,56.222222222222214,55.79514824797843
