team,Arsenal,Aston Villa,Birmingham,Blackburn,Blackpool,Bolton,Chelsea,Everton,Fulham,Liverpool,Man City,Man United,Newcastle,Stoke,Sunderland,Tottenham,West Brom,West Ham,Wigan,Wolves
shot_acc,36.3914373088685,32.6086956521739,30.174563591022395,29.8013245033113,30.320150659133702,30.3508771929825,32.751677852349,31.2068965517241,31.4442413162706,35.2233676975945,32.417582417582395,34.3042071197411,33.1360946745562,29.6680497925311,28.947368421052605,29.071537290715398,30.820770519263,30.4195804195804,33.268101761252396,30.2832244008715
