team,Arsenal,Aston Villa,Blackburn,Bolton,Chelsea,Everton,Fulham,Liverpool,Man City,Manchester United,Newcastle,Norwich,QPR,Stoke,Sunderland,Swansea,Tottenham Hotspur,West Brom,Wigan,Wolves
shot_acc,60.17094017094017,50.24752475247525,57.349397590361455,61.521252796420576,54.22077922077923,53.375527426160346,61.55419222903885,53.92156862745098,59.909909909909906,62.331081081081095,56.54101995565411,53.58649789029536,53.44129554655871,44.41176470588235,55.875299760191844,57.38095238095239,58.74015748031496,56.17021276595745,56.57894736842105,55.71776155717762
