team,Arsenal,Aston Villa,Chelsea,Everton,Fulham,Liverpool,Man City,Manchester United,Newcastle,Norwich,QPR,Reading,Southampton,Stoke,Sunderland,Swansea,Tottenham Hotspur,West Brom,West Ham,Wigan
shot_acc,59.706959706959715,57.25190839694656,59.05096660808435,57.219251336898395,57.41176470588235,57.54857997010464,58.56905158069884,58.3984375,53.503184713375795,54.56989247311828,52.68817204301075,50.997150997151,53.69978858350951,48.816568047337284,58.465608465608476,56.95652173913044,61.75040518638573,55.00000000000001,56.947608200455576,56.85840707964603
