team,Arsenal,Chelsea,Everton,Liverpool,Manchester United,Tottenham Hotspur
2003-04,57.96178343949045,50.727650727650726,50.0,53.763440860215034,57.48987854251012,55.58194774346793
