team,Arsenal,Chelsea,Everton,Liverpool,Manchester United,Tottenham Hotspur
2005-06,59.307359307359285,53.891050583657595,54.4973544973545,50.266429840142095,51.53153153153154,56.934306569343065
