team,Arsenal,Chelsea,Everton,Liverpool,Man United,Tottenham
2011-12,37.04866562009421,33.3830104321908,31.538461538461494,31.0344827586207,37.6160990712074,32.810271041369504
