team,Arsenal,Chelsea,Everton,Liverpool,Man United,Tottenham
2013-14,40.07633587786261,32.900432900432904,34.82142857142857,39.846153846153854,34.476190476190474,32.36301369863014
