team,Arsenal,Chelsea,Everton,Liverpool,Man United,Tottenham
2016-17,35.398230088495566,35.172413793103445,38.55421686746988,36.99059561128527,35.653650254668925,38.41554559043348
