team,Arsenal,Chelsea,Everton,Liverpool,Man United,Tottenham
2017-18,39.42470389170897,36.30363036303631,33.888888888888886,36.40625,35.28265107212476,34.88745980707396
