team,Arsenal,Chelsea,Everton,Liverpool,Man United,Tottenham
2007-08,39.24528301886789,40.0402414486921,40.23809523809521,35.2553542009885,41.9354838709677,39.553752535497
