team,Arsenal,Chelsea,Everton,Liverpool,Man United,Tottenham
2008-09,33.2326283987915,31.116687578419103,34.0725806451613,30.4347826086957,32.167832167832195,32.5367647058824
