team,Arsenal,Chelsea,Everton,Liverpool,Man United,Tottenham
2009-10,35.3030303030303,34.5323741007194,32.937181663837,29.439252336448607,31.798561151079106,33.1864904552129
