team,Arsenal,Chelsea,Everton,Liverpool,Man United,Tottenham
2010-11,36.3914373088685,32.751677852349,31.2068965517241,35.2233676975945,34.3042071197411,29.071537290715398
