team,Arsenal,Chelsea,Everton,Liverpool,Man United,Tottenham
2014-15,37.25490196078432,37.30017761989343,34.29752066115703,32.88135593220339,35.16699410609037,32.824427480916036
