team,Arsenal,Chelsea,Everton,Liverpool,Manchester United,Tottenham Hotspur
2000-01,50.1474926253687,48.5294117647059,47.2067039106145,52.07373271889399,56.8181818181818,48.1012658227848
