team,Arsenal,Chelsea,Everton,Liverpool,Manchester United,Tottenham Hotspur
2001-02,50.38610038610039,44.23868312757201,50.78125,50.23474178403756,47.49536178107607,43.203883495145625
