team,Arsenal,Chelsea,Everton,Liverpool,Manchester United,Tottenham Hotspur
2006-07,51.396648044692746,51.91570881226054,50.63613231552163,48.31081081081082,54.54545454545454,53.61990950226245
